"model","sample","outcome","n","r2","adj_r2","rmse","aic","bic"
"lagged_aux","lagged_sample","inflation_cpi",42,0.986762895355148,0.984924408598918,142.311133596791,549.664159146589,561.827846474572
